
--
-- WORKTBL
--

DELETE FROM WORKTBL;

-- Nothing to insert initially

--
-- DEBTOR
--

DELETE FROM DEBTOR;

INSERT INTO DEBTOR
(DEBT_ID,NAME,ADDRESS,POSTNO,PLACE,CONTACT,NOTES,DISCOUNT,STATUS,ORGNO,TAXREGNO,BANKREQ)
VALUES (1,'Big Business', 'Gamla gatan 98','35690', 'Uppsala','Janne', NULL,'25','1','551515-5555','SE1515555555-01','111-5555');

INSERT INTO DEBTOR
(DEBT_ID,NAME,ADDRESS,POSTNO,PLACE,CONTACT,NOTES,DISCOUNT,STATUS,ORGNO,TAXREGNO,BANKREQ)
VALUES (2,'Cafe Plus', 'Långvägen 12','11012', 'Stockholm','Bosse Boss', NULL,'25','1','555555-5555','SE5555555555-01','555-5555');


--
-- CUSTOMER
--


DELETE FROM CUSTOMER;

INSERT INTO CUSTOMER
(CUS_ID,NAME,ADDRESS,POSTNO,PLACE,CONTACT,NOTES,DISCOUNT,STATUS,ORGNO,TAXREGNO,BANKREQ)
VALUES (1,'Mina Möbler', 'Möbelvägen 19','43112', 'Borås','Lena', NULL,'10','1','444444-4444','SE44444444-01','123-4567');

INSERT INTO CUSTOMER
(CUS_ID,NAME,ADDRESS,POSTNO,PLACE,CONTACT,NOTES,DISCOUNT,STATUS,ORGNO,TAXREGNO,BANKREQ)
VALUES (2,'Chokladfabriken', 'Marabouvägen 35','19134', 'Sollentuna','Mia', NULL,'6','1','333333-3333','SE333333-01','321-9876');


--
-- COMPANY
--


DELETE FROM COMPANY;

INSERT INTO COMPANY
(CMP_ID,NAME,ADDRESS,POSTNO,PLACE,BOARDPLACE,TEL,EMAIL,BANKGIRO,ORGNO,TAXREGNO,TAXCLASS)
VALUES (1,'PBS Ekonomi', 'Karlbergsvägen 77','11335', 'Stockholm','Stockholm', '08-450 22 30','pbs@example.com','111-1111','556677-1234','SE333333-01','Innehar F-skattsedel');


DELETE FROM ERRDATA;

-- Nothing to insert initially



--
-- SERVICE
--


DELETE FROM SERVICE;

INSERT INTO SERVICE
(SRV_ID,DESCRIPTION,CHARGE,CUS_ID)
VALUES (1,'Invoice printing', 0.02,1);

INSERT INTO SERVICE
(SRV_ID,DESCRIPTION,CHARGE,CUS_ID)
VALUES (2,'Invoice tracking', 0.04,1);

INSERT INTO SERVICE
(SRV_ID,DESCRIPTION,CHARGE,CUS_ID)
VALUES (3,'Invoice printing', 0.02,2);


DELETE FROM INMETA;

-- Nothing to insert initially


--
-- ARCHINV (Old invoices)
--

DELETE FROM ARCHINV;

-- Nothing to insert initially


--
-- INVOICE
--


DELETE FROM INVOICE;

INSERT INTO INVOICE
(INV_ID,CUS_ID,DEBT_ID,STATUS,INVDATE,INVSUM,VAT)
VALUES (1,1, 1,1,'2014-01-10',24000.00,0.25);

INSERT INTO INVOICE
(INV_ID,CUS_ID,DEBT_ID,STATUS,INVDATE,INVSUM,VAT)
VALUES (2,2, 1,1,'2014-01-15',2445.00, 0.12);


--
-- ITEM
--


DELETE FROM ITEM;

INSERT INTO ITEM
(ITEM_ID,DESCRIPTION,PARTNO,UNIT,ITEMQTY, UNITPRICE)
VALUES (1,'Bord 2x4m, Ek', 'BX02400-EK','Styck',10.00,1200.00);

INSERT INTO ITEM
(ITEM_ID,DESCRIPTION,PARTNO,UNIT,ITEMQTY, UNITPRICE)
VALUES (2,'Stol elegant, rostfri', 'SR00012-ST','Styck',20.00,600.00);

INSERT INTO ITEM
(ITEM_ID,DESCRIPTION,PARTNO,UNIT,ITEMQTY, UNITPRICE)
VALUES (3,'Praliner', NULL,'Kilo',4.50,460.00);

INSERT INTO ITEM
(ITEM_ID,DESCRIPTION,PARTNO,UNIT,ITEMQTY, UNITPRICE)
VALUES (4,'Chokladbräck', NULL,'Styck',25.00,15.00);


--
-- INVITEM (Link table)
--


DELETE FROM INVITEM;

INSERT INTO INVITEM
(INV_ID,ITEM_ID)
VALUES (1,1);

INSERT INTO INVITEM
(INV_ID,ITEM_ID)
VALUES (1,2);

INSERT INTO INVITEM
(INV_ID,ITEM_ID)
VALUES (2,3);

INSERT INTO INVITEM
(INV_ID,ITEM_ID)
VALUES (2,4);


--
-- CUSPROD (Internal development validation table)
--

DELETE FROM CUSPROD;

-- Nothing to insert initially

