
--
-- ADDR
--

-- Some PBS Economies customers

DELETE FROM ADDR;

INSERT INTO ADDR
(ADDR_ID,STREET,POSTNO,PLACE)
VALUES (1,'Karlbergsvägen 77','11335', 'Stockholm');

INSERT INTO ADDR
(ADDR_ID,STREET,POSTNO,PLACE)
VALUES (2,'Fyrfatsvägen 22','14780', 'Tumba');

INSERT INTO ADDR
(ADDR_ID,STREET,POSTNO,PLACE)
VALUES (3,'Folkungavägen 80','17730', 'Järfälla');

-- Some debtors (furnitures)

INSERT INTO ADDR
(ADDR_ID,STREET,POSTNO,PLACE)
VALUES (4,'Järntorget 1','40508', 'Göteborg');

INSERT INTO ADDR
(ADDR_ID,STREET,POSTNO,PLACE)
VALUES (5,'Saabvägen 112','46159', 'Trollhättan');

-- Some debtors (choklade)

INSERT INTO ADDR
(ADDR_ID,STREET,POSTNO,PLACE)
VALUES (6,'Festivalgatan 32','20522', 'Malmö');

INSERT INTO ADDR
(ADDR_ID,STREET,POSTNO,PLACE)
VALUES (7,'Kustvägens Alle 22','25561', 'Helsingborg');

--
-- FINDATA
--

DELETE FROM FINDATA;

INSERT INTO FINDATA
(FIN_ID,VATREGNO,BANKGIRO,POSTGIRO)
VALUES (1,'SE999999999901','1234-5678','654321-0');

INSERT INTO FINDATA
(FIN_ID,VATREGNO,BANKGIRO,POSTGIRO)
VALUES (2,'SE012345678901','123-4444','666666-1');

INSERT INTO FINDATA
(FIN_ID,VATREGNO,BANKGIRO,POSTGIRO)
VALUES (3,'SE554433221101',' 123-1234','123456-7');


--
-- ITEM
--


DELETE FROM ITEM;

INSERT INTO ITEM
(ITEM_ID,DESCRIPTION,ARTNO,UNITDESC,QTY,PRICE)
VALUES (1,'Finnspång, trädbord', '45689','Styck',10.00,1000.00);

INSERT INTO ITEM
(ITEM_ID,DESCRIPTION,ARTNO,UNITDESC,QTY,PRICE)
VALUES (2,'Julia, kontorsstol', '45812','Styck',20.00,2500.00);

INSERT INTO ITEM
(ITEM_ID,DESCRIPTION,ARTNO,UNITDESC,QTY,PRICE)
VALUES (3,'Von Anka, diriktörsstol ', '45123','Styck',45.00,4000.00);

INSERT INTO ITEM
(ITEM_ID,DESCRIPTION,ARTNO,UNITDESC,QTY,PRICE)
VALUES (4,'Erik - trädgårdsmöbel', '45789','Styck',25.00,1500.00);



--
-- DEBTOR
--

DELETE FROM DEBTOR;

INSERT INTO DEBTOR
(DEBT_ID,NAME,CONTACT, NOTE, ADDR_ID)
VALUES (1,'Big Business','Janne',NULL, 4);

INSERT INTO DEBTOR
(DEBT_ID,NAME,CONTACT, NOTE, ADDR_ID)
VALUES (2,'Cafe Plus', 'Bosse Boss', NULL,6);

INSERT INTO DEBTOR
(DEBT_ID,NAME,CONTACT, NOTE, ADDR_ID)
VALUES (3,'Lunch delikatessen', 'Doris', 'Betala till vårt bankgiro',7);


--
-- CUSTOMER
--


DELETE FROM CUSTOMER;

INSERT INTO CUSTOMER
(CUST_ID,CUSTNO,NAME,BOARDPLACE,OURCONTACT,OURNOTE, TEL,EMAIL,WEB,ORGNO,ACTIVE,ADDR_ID,FIN_ID)
VALUES (1,0,'PBS Ekonomi', 'Stockholm','PBS Team', NULL, '08-45 02 230','pbs@example.com','www.example.com','999999-9999','Y',1,1);

INSERT INTO CUSTOMER
(CUST_ID,CUSTNO,NAME,BOARDPLACE,OURCONTACT,OURNOTE, TEL,EMAIL,WEB,ORGNO,ACTIVE,ADDR_ID,FIN_ID)
VALUES (2,1,'Chokladfabriken', 'Stockholm','Träputte Bordsson', NULL, '08-987 654321','putte@tra-example.com',NULL,'012345-6789','Y',2,2);

INSERT INTO CUSTOMER
(CUST_ID,CUSTNO,NAME,BOARDPLACE,OURCONTACT,OURNOTE, TEL,EMAIL,WEB,ORGNO,ACTIVE,ADDR_ID,FIN_ID)
VALUES (3,1001,'Mina Möbler', 'Stockholm','Hilda Exempelsson', NULL, '08-580 12345','hilda@mm-example.com','www.mm-example.com','654321-1111','Y',3,3);



DELETE FROM INLOG;

INSERT INTO INLOG
(INLOG_ID,CUST_ID,FILENO,PROCDATE,ORDNO,RESULTCODE)
VALUES(1,2, 1,'2014-03-10',NULL,1);

INSERT INTO INLOG
(INLOG_ID,CUST_ID,FILENO,PROCDATE,ORDNO,RESULTCODE)
VALUES(2,2, 2,'2014-03-11',NULL,1);

INSERT INTO INLOG
(INLOG_ID,CUST_ID,FILENO,PROCDATE,ORDNO,RESULTCODE)
VALUES(3,3, 1,'2014-03-14',NULL,0);



--
-- SRV
--


DELETE FROM SRV;

INSERT INTO SRV
(SRV_ID,ARTNO,DESCRIPTION,CHARGE,CUST_ID,DELRATE,DUEDAYS)
VALUES (1,'P100','Faktura print, baspapper, enfärg', 1.25,2,0.10,10);

INSERT INTO SRV
(SRV_ID,ARTNO,DESCRIPTION,CHARGE,CUST_ID,DELRATE,DUEDAYS)
VALUES (2,'P200','Faktura print, glossy, färg', 1.95,3,0.10,10);

INSERT INTO SRV
(SRV_ID,ARTNO,DESCRIPTION,CHARGE,CUST_ID,DELRATE,DUEDAYS)
VALUES (3,'F50','Faktura SRV, bas', 3.50,3,0.10,10);



--
-- INVOICE
--


DELETE FROM INVOICE;


INSERT INTO INVOICE
(INV_ID,CUST_ID,DEBT_ID,INVSTATE,INVNO,CUSTNO,INVDATE,VAT)
VALUES (1,3,1,1,'1652756-23','56427','2014-01-11',0.25);

INSERT INTO INVOICE
(INV_ID,CUST_ID,DEBT_ID,INVSTATE,INVNO,CUSTNO,INVDATE,VAT)
VALUES (2,2,2,1,'000546','G7890','2014-01-10',0.12);

INSERT INTO INVOICE
(INV_ID,CUST_ID,DEBT_ID,INVSTATE,INVNO,CUSTNO,INVDATE,VAT)
VALUES (3,2,3,0,'000547','G7601', NULL, 0.12);

--
-- INVITEM (Link table)
--


DELETE FROM INVITEM;

INSERT INTO INVITEM
(INV_ID,ITEM_ID)
VALUES (1,1);

INSERT INTO INVITEM
(INV_ID,ITEM_ID)
VALUES (1,2);

INSERT INTO INVITEM
(INV_ID,ITEM_ID)
VALUES (2,3);

INSERT INTO INVITEM
(INV_ID,ITEM_ID)
VALUES (3,4);



